INSERT INTO airports (iata_code, city) VALUES 
('MHT', 'Manchester, NH'),
('IAD', 'Washington, DC'),
('EWR', 'Newark, NJ'),
('STL', 'St. Louis, MO'),
('RIC', 'Richmond, VA'),
('PQI', 'Presque Isle/Houlton, ME'),
('ORD', 'Chicago, IL'),
('DCA', 'Washington, DC'),
('LNK', 'Lincoln, NE'),
('SCE', 'State College, PA'),
('ITH', 'Ithaca/Cortland, NY'),
('MDT', 'Harrisburg, PA'),
('IAH', 'Houston, TX'),
('CPR', 'Casper, WY'),
('HOB', 'Hobbs, NM'),
('TYS', 'Knoxville, TN'),
('COD', 'Cody, WY'),
('LBB', 'Lubbock, TX'),
('SGF', 'Springfield, MO'),
('DEN', 'Denver, CO'),
('LFT', 'Lafayette, LA'),
('MOB', 'Mobile, AL'),
('BRO', 'Brownsville, TX'),
('HSV', 'Huntsville, AL'),
('MFE', 'Mission/McAllen/Edinburg, TX'),
('JAN', 'Jackson/Vicksburg, MS'),
('LIT', 'Little Rock, AR'),
('CHO', 'Charlottesville, VA'),
('AMA', 'Amarillo, TX'),
('PNS', 'Pensacola, FL'),
('TUL', 'Tulsa, OK'),
('LCH', 'Lake Charles, LA'),
('PVD', 'Providence, RI'),
('ROA', 'Roanoke, VA'),
('DRO', 'Durango, CO'),
('SAF', 'Santa Fe, NM'),
('BHM', 'Birmingham, AL'),
('CRP', 'Corpus Christi, TX'),
('MAF', 'Midland/Odessa, TX'),
('ECP', 'Panama City, FL'),
('GPT', 'Gulfport/Biloxi, MS'),
('ICT', 'Wichita, KS'),
('CAE', 'Columbia, SC'),
('ALB', 'Albany, NY'),
('DAY', 'Dayton, OH'),
('PHL', 'Philadelphia, PA'),
('MSN', 'Madison, WI'),
('BUF', 'Buffalo, NY'),
('AVL', 'Asheville, NC'),
('CLT', 'Charlotte, NC'),
('DTW', 'Detroit, MI'),
('AVP', 'Scranton/Wilkes-Barre, PA'),
('XNA', 'Fayetteville, AR'),
('OMA', 'Omaha, NE'),
('ELP', 'El Paso, TX'),
('OKC', 'Oklahoma City, OK'),
('DFW', 'Dallas/Fort Worth, TX'),
('SRQ', 'Sarasota/Bradenton, FL'),
('SDF', 'Louisville, KY'),
('ATL', 'Atlanta, GA'),
('LGA', 'New York, NY'),
('SAT', 'San Antonio, TX'),
('MSY', 'New Orleans, LA'),
('AUS', 'Austin, TX'),
('RAP', 'Rapid City, SD'),
('PHX', 'Phoenix, AZ'),
('PIT', 'Pittsburgh, PA'),
('TUS', 'Tucson, AZ'),
('PWM', 'Portland, ME'),
('JAX', 'Jacksonville, FL'),
('MEM', 'Memphis, TN'),
('IND', 'Indianapolis, IN'),
('MSP', 'Minneapolis, MN'),
('SAV', 'Savannah, GA'),
('HRL', 'Harlingen/San Benito, TX'),
('BIL', 'Billings, MT'),
('MCI', 'Kansas City, MO'),
('BNA', 'Nashville, TN'),
('IDA', 'Idaho Falls, ID'),
('GUC', 'Gunnison, CO'),
('SYR', 'Syracuse, NY'),
('CLE', 'Cleveland, OH'),
('DSM', 'Des Moines, IA'),
('CVG', 'Cincinnati, OH'),
('BZN', 'Bozeman, MT'),
('ABQ', 'Albuquerque, NM'),
('BTR', 'Baton Rouge, LA'),
('CMH', 'Columbus, OH'),
('BDL', 'Hartford, CT'),
('LRD', 'Laredo, TX'),
('SHV', 'Shreveport, LA'),
('COS', 'Colorado Springs, CO'),
('ORF', 'Norfolk, VA'),
('FSD', 'Sioux Falls, SD'),
('GSO', 'Greensboro/High Point, NC'),
('ILM', 'Wilmington, NC'),
('RDU', 'Raleigh/Durham, NC'),
('GRR', 'Grand Rapids, MI'),
('ROC', 'Rochester, NY'),
('GRB', 'Green Bay, WI'),
('CHS', 'Charleston, SC'),
('GJT', 'Grand Junction, CO'),
('BTV', 'Burlington, VT'),
('MTJ', 'Montrose/Delta, CO'),
('PIA', 'Peoria, IL'),
('SLC', 'Salt Lake City, UT'),
('MKE', 'Milwaukee, WI'),
('TVC', 'Traverse City, MI'),
('FNT', 'Flint, MI'),
('GSP', 'Greer, SC'),
('MLI', 'Moline, IL'),
('CID', 'Cedar Rapids/Iowa City, IA'),
('CAK', 'Akron, OH'),
('PSP', 'Palm Springs, CA'),
('RNO', 'Reno, NV'),
('RSW', 'Fort Myers, FL'),
('SAN', 'San Diego, CA'),
('SBA', 'Santa Barbara, CA'),
('SEA', 'Seattle, WA'),
('SFO', 'San Francisco, CA'),
('SJC', 'San Jose, CA'),
('SJU', 'San Juan, PR'),
('SMF', 'Sacramento, CA'),
('SNA', 'Santa Ana, CA'),
('TPA', 'Tampa, FL'),
('VPS', 'Valparaiso, FL'),
('BLI', 'Bellingham, WA'),
('BOI', 'Boise, ID'),
('BOS', 'Boston, MA'),
('BUR', 'Burbank, CA'),
('BWI', 'Baltimore, MD'),
('DAL', 'Dallas, TX'),
('EUG', 'Eugene, OR'),
('FAT', 'Fresno, CA'),
('FLL', 'Fort Lauderdale, FL'),
('GEG', 'Spokane, WA'),
('HDN', 'Hayden, CO'),
('HNL', 'Honolulu, HI'),
('HOU', 'Houston, TX'),
('ISP', 'Islip, NY'),
('ITO', 'Hilo, HI'),
('KOA', 'Kona, HI'),
('LAS', 'Las Vegas, NV'),
('LAX', 'Los Angeles, CA'),
('LGB', 'Long Beach, CA'),
('LIH', 'Lihue, HI'),
('MCO', 'Orlando, FL'),
('MDW', 'Chicago, IL'),
('MIA', 'Miami, FL'),
('MYR', 'Myrtle Beach, SC'),
('OAK', 'Oakland, CA'),
('OGG', 'Kahului, HI'),
('ONT', 'Ontario, CA'),
('PBI', 'West Palm Beach/Palm Beach, FL'),
('PDX', 'Portland, OR'),
('JFK', 'New York, NY'),
('EYW', 'Key West, FL'),
('ORH', 'Worcester, MA'),
('HPN', 'White Plains, NY'),
('LEX', 'Lexington, KY'),
('BGR', 'Bangor, ME'),
('STT', 'Charlotte Amalie, VI'),
('BQN', 'Aguadilla, PR'),
('TLH', 'Tallahassee, FL'),
('PSE', 'Ponce, PR'),
('JAC', 'Jackson, WY'),
('ANC', 'Anchorage, AK'),
('DAB', 'Daytona Beach, FL'),
('EGE', 'Eagle, CO'),
('MSO', 'Missoula, MT'),
('ATW', 'Appleton, WI'),
('FAR', 'Fargo, ND'),
('OAJ', 'Jacksonville/Camp Lejeune, NC'),
('FCA', 'Kalispell, MT'),
('GNV', 'Gainesville, FL'),
('BIS', 'Bismarck/Mandan, ND'),
('PSC', 'Pasco/Kennewick/Richland, WA'),
('MLB', 'Melbourne, FL'),
('CHA', 'Chattanooga, TN'),
('TRI', 'Bristol/Johnson City/Kingsport, TN'),
('STX', 'Christiansted, VI'),
('FAI', 'Fairbanks, AK'),
('FAY', 'Fayetteville, NC'),
('TTN', 'Trenton, NJ'),
('PGD', 'Punta Gorda, FL'),
('SFB', 'Sanford, FL'),
('ABE', 'Allentown/Bethlehem/Easton, PA'),
('SMX', 'Santa Maria, CA'),
('SBN', 'South Bend, IN'),
('LCK', 'Columbus, OH'),
('USA', 'Concord, NC'),
('FWA', 'Fort Wayne, IN'),
('MFR', 'Medford, OR'),
('PIE', 'St. Petersburg, FL'),
('IAG', 'Niagara Falls, NY'),
('STC', 'St. Cloud, MN'),
('HTS', 'Ashland, WV'),
('SWF', 'Newburgh/Poughkeepsie, NY'),
('RFD', 'Rockford, IL'),
('AZA', 'Phoenix, AZ'),
('HGR', 'Hagerstown, MD'),
('PVU', 'Provo, UT'),
('SPI', 'Springfield, IL'),
('PSM', 'Portsmouth, NH'),
('TOL', 'Toledo, OH'),
('GFK', 'Grand Forks, ND'),
('GTF', 'Great Falls, MT'),
('MRY', 'Monterey, CA'),
('SCK', 'Stockton, CA'),
('PBG', 'Plattsburgh, NY'),
('GRI', 'Grand Island, NE'),
('BMI', 'Bloomington/Normal, IL'),
('BLV', 'Belleville, IL'),
('MOT', 'Minot, ND'),
('CKB', 'Clarksburg/Fairmont, WV'),
('ELM', 'Elmira/Corning, NY'),
('EVV', 'Evansville, IN'),
('PPG', 'Pago Pago, TT'),
('COU', 'Columbia, MO'),
('ACT', 'Waco, TX'),
('SJT', 'San Angelo, TX'),
('GRK', 'Killeen, TX'),
('LAW', 'Lawton/Fort Sill, OK'),
('MHK', 'Manhattan/Ft. Riley, KS'),
('ABI', 'Abilene, TX'),
('BPT', 'Beaumont/Port Arthur, TX'),
('BFL', 'Bakersfield, CA'),
('RST', 'Rochester, MN'),
('HHH', 'Hilton Head, SC'),
('FSM', 'Fort Smith, AR'),
('MLU', 'Monroe, LA'),
('CMI', 'Champaign/Urbana, IL'),
('CLL', 'College Station/Bryan, TX'),
('SBP', 'San Luis Obispo, CA'),
('MGM', 'Montgomery, AL'),
('AGS', 'Augusta, GA'),
('LSE', 'La Crosse, WI'),
('ACY', 'Atlantic City, NJ'),
('LBE', 'Latrobe, PA'),
('CRW', 'Charleston/Dunbar, WV'),
('LAN', 'Lansing, MI'),
('RDM', 'Bend/Redmond, OR'),
('PRC', 'Prescott, AZ'),
('GCC', 'Gillette, WY'),
('DVL', 'Devils Lake, ND'),
('MCW', 'Mason City, IA'),
('MBS', 'Saginaw/Bay City/Midland, MI'),
('LWS', 'Lewiston, ID'),
('RDD', 'Redding, CA'),
('JMS', 'Jamestown, ND'),
('LBF', 'North Platte, NE'),
('HYS', 'Hays, KS'),
('DEC', 'Decatur, IL'),
('CMX', 'Hancock/Houghton, MI'),
('SGU', 'St. George, UT'),
('DDC', 'Dodge City, KS'),
('CYS', 'Cheyenne, WY'),
('HLN', 'Helena, MT'),
('SLN', 'Salina, KS'),
('FOD', 'Fort Dodge, IA'),
('MEI', 'Meridian, MS'),
('SUX', 'Sioux City, IA'),
('RIW', 'Riverton/Lander, WY'),
('RKS', 'Rock Springs, WY'),
('VEL', 'Vernal, UT'),
('ASE', 'Aspen, CO'),
('BIH', 'Bishop, CA'),
('ACV', 'Arcata/Eureka, CA'),
('XWA', 'Williston, ND'),
('PIB', 'Hattiesburg/Laurel, MS'),
('SUN', 'Sun Valley/Hailey/Ketchum, ID'),
('DLH', 'Duluth, MN'),
('BFF', 'Scottsbluff, NE'),
('JST', 'Johnstown, PA'),
('SHR', 'Sheridan, WY'),
('VCT', 'Victoria, TX'),
('DIK', 'Dickinson, ND'),
('CNY', 'Moab, UT'),
('JLN', 'Joplin, MO'),
('LAR', 'Laramie, WY'),
('STS', 'Santa Rosa, CA'),
('FLG', 'Flagstaff, AZ'),
('AEX', 'Alexandria, LA'),
('CSG', 'Columbus, GA'),
('INL', 'International Falls, MN'),
('TYR', 'Tyler, TX'),
('HIB', 'Hibbing, MN'),
('TXK', 'Texarkana, AR'),
('GGG', 'Longview, TX'),
('ROW', 'Roswell, NM'),
('RHI', 'Rhinelander, WI'),
('BJI', 'Bemidji, MN'),
('AZO', 'Kalamazoo, MI'),
('CIU', 'Sault Ste. Marie, MI'),
('PLN', 'Pellston, MI'),
('BRD', 'Brainerd, MN'),
('CDC', 'Cedar City, UT'),
('ESC', 'Escanaba, MI'),
('BQK', 'Brunswick, GA'),
('YUM', 'Yuma, AZ'),
('GCK', 'Garden City, KS'),
('TWF', 'Twin Falls, ID'),
('ABR', 'Aberdeen, SD'),
('APN', 'Alpena, MI'),
('IMT', 'Iron Mountain/Kingsfd, MI'),
('SWO', 'Stillwater, OK'),
('PIH', 'Pocatello, ID'),
('SPS', 'Wichita Falls, TX'),
('ALW', 'Walla Walla, WA'),
('BTM', 'Butte, MT'),
('EKO', 'Elko, NV'),
('ABY', 'Albany, GA'),
('OTH', 'North Bend/Coos Bay, OR'),
('LBL', 'Liberal, KS'),
('GUM', 'Guam, TT'),
('SPN', 'Saipan, TT'),
('DHN', 'Dothan, AL'),
('GTR', 'Columbus, MS'),
('CWA', 'Mosinee, WI'),
('MQT', 'Marquette, MI'),
('VLD', 'Valdosta, GA'),
('BGM', 'Binghamton, NY'),
('EWN', 'New Bern/Morehead/Beaufort, NC'),
('ERI', 'Erie, PA'),
('ART', 'Watertown, NY'),
('PGV', 'Greenville, NC'),
('PHF', 'Newport News/Williamsburg, VA'),
('FLO', 'Florence, SC'),
('LYH', 'Lynchburg, VA'),
('SBY', 'Salisbury, MD'),
('ALO', 'Waterloo, IA'),
('KTN', 'Ketchikan, AK'),
('SIT', 'Sitka, AK'),
('JNU', 'Juneau, AK'),
('PAE', 'Everett, WA'),
('BET', 'Bethel, AK'),
('BRW', 'Barrow, AK'),
('SCC', 'Deadhorse, AK'),
('YAK', 'Yakutat, AK'),
('CDV', 'Cordova, AK'),
('PSG', 'Petersburg, AK'),
('WRG', 'Wrangell, AK'),
('ADQ', 'Kodiak, AK'),
('OME', 'Nome, AK'),
('OTZ', 'Kotzebue, AK'),
('ADK', 'Adak Island, AK'),
('YKM', 'Yakima, WA'),
('PUW', 'Pullman, WA'),
('EAT', 'Wenatchee, WA'),
('DLG', 'Dillingham, AK'),
('AKN', 'King Salmon, AK');